Title,Date
"Supergirl: Season 3: Legion of Super-Heroes","11/15/21"
"Supergirl: Season 3: Reign","11/15/21"
"Supergirl: Season 3: Crisis on Earth-X, Part 1","11/15/21"
"Supergirl: Season 3: Wake Up","11/15/21"
"Love Hard","11/13/21"
"Top Secret UFO Projects: Declassified: Season 1: After Disclosure","11/10/21"
"Maya and the Three: Limited Series: Chapter 2: The Prophecy","11/1/21"
"Top Secret UFO Projects: Declassified: Season 1: Soviet Secrets","10/29/21"
"Top Secret UFO Projects: Declassified: Season 1: Hacked and Leaked","10/29/21"
"Maya and the Three: Limited Series: Chapter 1: Quinceañera","10/29/21"
"Instant Family","10/24/21"
"Night Teeth","10/22/21"
"Top Secret UFO Projects: Declassified: Season 1: Code Name Aurora","10/11/21"
"Supergirl: Season 3: Midvale","10/11/21"
"Supergirl: Season 3: Damage","10/11/21"
"Love Don't Cost a Thing","9/25/21"
"Top Secret UFO Projects: Declassified: Season 1: The White House Cover-Up","9/25/21"
"Top Secret UFO Projects: Declassified: Season 1: Project Blue Book Unknown","9/25/21"
"Night School","9/21/21"
"Nightbooks","9/21/21"
"Money Heist: Part 1: Episode 5","9/18/21"
"Money Heist: Part 1: Episode 4","9/18/21"
"Money Heist: Part 1: Episode 3","9/18/21"
"Money Heist: Part 1: Episode 2","9/18/21"
"Money Heist: Part 1: Episode 1","9/18/21"
"Money Heist: Part 5: Live Many Lives","9/13/21"
"Money Heist: Part 5: Your Place in Heaven","9/13/21"
"Money Heist: Part 5: Welcome to the Spectacle of Life","9/13/21"
"Money Heist: Part 5: Do You Believe in Reincarnation?","9/11/21"
"Money Heist: Part 5: The End of the Road","9/11/21"
"Resort to Love","9/11/21"
"The Kissing Booth 3","9/6/21"
"The Last Mercenary","9/6/21"
"Brooklyn Nine-Nine: Season 1: Pilot","9/6/21"
"Newly Rich, Newly Poor: Season 1: Episode 1","9/6/21"
"Alpha","9/6/21"
"Afterlife of the Party","9/6/21"
"Vikings: Season 1: Rites of Passage","9/6/21"
"He's All That","8/28/21"
"Vivo","8/12/21"
"Blood Red Sky","7/29/21"
"Nobody's Fool","7/26/21"
"Masters of the Universe: Revelation: Part 1: The Poisoned Chalice","7/25/21"
"Masters of the Universe: Revelation: Part 1: The Power of Grayskull","7/25/21"
"Happy Death Day 2U","7/25/21"
"Tô Ryca","7/18/21"
"Never Have I Ever: Season 1: Pilot","7/18/21"
"Fear Street Part 3: 1666","7/16/21"
"Fear Street Part 2: 1978","7/11/21"
"Supergirl: Season 3: The Faithful","7/11/21"
"Supergirl: Season 3: Far From the Tree","7/11/21"
"Supergirl: Season 3: Triggers","7/11/21"
"Supergirl: Season 3: Girl of Steel","7/11/21"
"Supergirl: Season 2: Nevertheless, She Persisted","7/11/21"
"Supergirl: Season 2: Resist","7/11/21"
"Supergirl: Season 2: City of Lost Children","7/11/21"
"Finding ‘Ohana","7/10/21"
"Love and Monsters","7/10/21"
"Fatherhood","7/9/21"
"Fear Street Part 1: 1994","7/8/21"
"Lupin: Part 2: Chapter 10","7/5/21"
"Lupin: Part 2: Chapter 9","7/4/21"
"Lupin: Part 2: Chapter 8","7/4/21"
"Supergirl: Season 2: Alex","7/4/21"
"Lupin: Part 2: Chapter 7","6/30/21"
"Lupin: Part 2: Chapter 6","6/30/21"
"Army of the Dead","6/9/21"
"Dog Gone Trouble","5/29/21"
"Daughter From Another Mother: Season 1: Baptism","5/24/21"
"Daughter From Another Mother: Season 1: Lies","5/24/21"
"Daughter From Another Mother: Season 1: Quality Time","5/24/21"
"Daughter From Another Mother: Season 1: Dating","5/24/21"
"Daughter From Another Mother: Season 1: My Family's Not Perfect","5/23/21"
"Daughter From Another Mother: Season 1: Fatherhood","5/22/21"
"Daughter From Another Mother: Season 1: Family Dynamics","5/22/21"
"Daughter From Another Mother: Season 1: Welcome Home","5/22/21"
"Daughter From Another Mother: Season 1: Eeny, Meeny, Miny, Moe","5/22/21"
"The Sons of Sam: A Descent into Darkness: Limited Series: Hello from the Gutters","5/21/21"
"The Bold Type: Season 1: O Hell No","5/17/21"
"The Bold Type: Season 1: Pilot","5/17/21"
"Wanderlust","5/11/21"
"Supergirl: Season 2: Ace Reporter","5/9/21"
"Supergirl: Season 2: Distant Sun","5/9/21"
"The Flash: Season 3: Duet","5/9/21"
"Supergirl: Season 2: Star-Crossed","5/9/21"
"Supergirl: Season 2: Exodus","5/9/21"
"Supergirl: Season 2: Homecoming","5/9/21"
"Thunder Force","4/19/21"
"Secret Magic Control Agency","4/12/21"
"Ancient Aliens: Season 3: Aliens and the Old West","4/11/21"
"Exhibit A: Season 1: Touch DNA","4/11/21"
"Exhibit A: Season 1: Cadaver Dogs","3/19/21"
"Exhibit A: Season 1: Blood Spatter","3/18/21"
"Beverly Hills Ninja","3/15/21"
"The Ripper: Limited Series: Once Upon a Time in Yorkshire","3/14/21"
"YES DAY","3/14/21"
"Crime Scene: The Vanishing at the Cecil Hotel: Limited Series: Lost in Los Angeles","3/10/21"
"Crime Scene: The Vanishing at the Cecil Hotel: Limited Series: The Hard Truth","3/10/21"
"Crime Scene: The Vanishing at the Cecil Hotel: Limited Series: Down the Rabbit Hole","3/7/21"
"Supergirl: Season 2: Mr. & Mrs. Mxzyptlk","3/4/21"
"Supergirl: Season 2: Luthors","3/4/21"
"Supergirl: Season 2: The Martian Chronicles","3/4/21"
"Squared Love","2/24/21"
"Crime Scene: The Vanishing at the Cecil Hotel: Limited Series: Secrets of the Cecil","2/22/21"
"The Accountant","2/19/21"
"The Adventures of Sharkboy and Lavagirl","2/16/21"
"Madagascar 3: Europe's Most Wanted","2/16/21"
"Haunted: Season 2: Ward of Evil","2/14/21"
"To All The Boys: Always And Forever","2/13/21"
"Exhibit A: Season 1: Video Forensics","2/8/21"
"Rock Dog","2/3/21"
"Dangerous Lies","2/2/21"
"The Pelican Brief","1/31/21"
"Storks","1/28/21"
"Supergirl: Season 2: We Can Be Heroes","1/28/21"
"Supergirl: Season 2: Supergirl Lives","1/28/21"
"The Queen's Gambit: Limited Series: Openings","1/24/21"
"The Queen's Gambit: Limited Series: End Game","1/24/21"
"The Queen's Gambit: Limited Series: Adjournment","1/24/21"
"Double Dad","1/24/21"
"Going in Style","1/24/21"
"The Queen's Gambit: Limited Series: Fork","1/23/21"
"The Queen's Gambit: Limited Series: Middle Game","1/23/21"
"The Queen's Gambit: Limited Series: Doubled Pawns","1/22/21"
"The Queen's Gambit: Limited Series: Exchanges","1/22/21"
"DC's Legends of Tomorrow: Season 2: Invasion!","1/20/21"
"Lupin: Part 1: Chapter 5","1/20/21"
"Lupin: Part 1: Chapter 4","1/20/21"
"Lupin: Part 1: Chapter 3","1/19/21"
"Lupin: Part 1: Chapter 2","1/19/21"
"Hop","1/19/21"
"Lupin: Part 1: Chapter 1","1/19/21"
"Arrow: Season 5: Invasion","1/18/21"
"The Flash: Season 3: Invasion!","1/18/21"
"Supergirl: Season 2: Medusa","1/18/21"
"Supergirl: Season 2: The Darkest Place","1/18/21"
"Supergirl: Season 2: Changing","1/18/21"
"Disenchantment: Part 1: The Princess of Darkness","1/17/21"
"Disenchantment: Part 1: For Whom the Pig Oinks","1/17/21"
"Disenchantment: Part 1: A Princess, an Elf, and a Demon Walk Into a Bar","1/17/21"
"The Adventures of Puss in Boots: Season 2: Moles","1/17/21"
"The Adventures of Puss in Boots: Season 2: Dragon","1/17/21"
"The Adventures of Puss in Boots: Season 1: Luck","1/17/21"
"The Adventures of Puss in Boots: Season 1: Pigs","1/17/21"
"The Adventures of Puss in Boots: Season 1: Star","1/17/21"
"The Adventures of Puss in Boots: Season 1: Goblin","1/17/21"
"The Adventures of Puss in Boots: Season 1: Mouse","1/17/21"
"The Adventures of Puss in Boots: Season 1: Sword","1/17/21"
"The Adventures of Puss in Boots: Season 1: Boots","1/17/21"
"The Adventures of Puss in Boots: Season 1: Golem","1/17/21"
"The Adventures of Puss in Boots: Season 1: Bravery","1/17/21"
"The Adventures of Puss in Boots: Season 1: Fountains","1/17/21"
"The Adventures of Puss in Boots: Season 1: Adventure","1/17/21"
"The Adventures of Puss in Boots: Season 1: Duchess","1/17/21"
"The Adventures of Puss in Boots: Season 1: Brothers","1/17/21"
"Point Break","1/16/21"
"The Adventures of Puss in Boots: Season 1: Sphinx","1/16/21"
"The Adventures of Puss in Boots: Season 1: Hidden","1/16/21"
"Puss in Boots","1/16/21"
"Shrek Forever After","1/16/21"
"DreamWorks Shrek's Swamp Stories: Volume 1: Play All Three: Shrek's Swamp Stories","1/16/21"
"DreamWorks Shrek the Halls","1/16/21"
"Shrek the Third","1/16/21"
"Unsolved Mysteries: Volume 2: Stolen Kids","1/15/21"
"Slasher: Solstice: 12pm to 3pm","1/15/21"
"Slasher: Solstice: 9am to 12pm","1/14/21"
"Slasher: Solstice: 6am to 9am","1/14/21"
"Little Italy","1/13/21"
"Surviving Death: Season 1: Reincarnation","1/12/21"
"Surviving Death: Season 1: Seeing Dead People","1/12/21"
"We Can Be Heroes","1/11/21"
"Surviving Death: Season 1: Signs from the Dead","1/11/21"
"Shaft","1/10/21"
"Haunted: Season 2: The Mimic","1/10/21"
"Surviving Death: Season 1: Mediums: Part 2","1/10/21"
"Surviving Death: Season 1: Mediums: Part 1","1/10/21"
"Surviving Death: Season 1: Near-Death Experiences","1/10/21"
"The Wedding Ringer","1/9/21"
"Spider-Man: Homecoming","1/9/21"
"Slasher: Guilty Party: The Past is Never Dead","1/8/21"
"Slasher: Guilty Party: Dawn of the Dead","1/8/21"
"Slasher: Guilty Party: Drone","1/8/21"
"Slasher: Guilty Party: Out of the Frying Pan","1/7/21"
"Slasher: Guilty Party: Night of Hunters","1/7/21"
"Unsolved Mysteries: Volume 2: Lady in the Lake","1/7/21"
"Slasher: Guilty Party: Saint Sebastian","1/6/21"
"Slasher: Guilty Party: Between Good and Evil","1/6/21"
"Justice League","1/6/21"
"Green Lantern","1/6/21"
"Slasher: Guilty Party: Six Feet Under","1/5/21"
"Slasher: The Executioner: Soon Your Own Eyes Will See","1/5/21"
"Slasher: The Executioner: In the Pride of His Face","1/5/21"
"Slasher: The Executioner: The One Who Sows His Own Flesh","1/4/21"
"Slasher: The Executioner: Ill-Gotten Gains","1/4/21"
"Slasher: The Executioner: As Water Is Corrupted Unless It Moves","1/4/21"
"Slasher: The Executioner: Like as Fire Eateth Up and Burneth Wood","1/3/21"
"Slasher: The Executioner: Digging Your Grave with Your Teeth","1/3/21"
"Slasher: The Executioner: An Eye for an Eye","1/3/21"
"Unsolved Mysteries: Volume 2: Tsunami Spirits","1/2/21"
"Bridgerton: Season 1: After the Rain","1/1/21"
"Bridgerton: Season 1: Oceans Apart","1/1/21"
"Bridgerton: Season 1: Swish","1/1/21"
"Bridgerton: Season 1: The Duke and I","1/1/21"
"Bridgerton: Season 1: An Affair of Honor","1/1/21"
"Bridgerton: Season 1: Art of the Swoon","1/1/21"
"Bridgerton: Season 1: Shock and Delight","12/31/20"
"Bridgerton: Season 1: Diamond of the First Water","12/31/20"
"Unsolved Mysteries: Volume 2: Death Row Fugitive","12/30/20"
"Unsolved Mysteries: Volume 2: A Death in Oslo","12/30/20"
"The Midnight Sky","12/26/20"
"Supergirl: Season 2: Crossfire","12/26/20"
"Christmas Wonderland","12/22/20"
"Inside the Freemasons: Season 1: Episode 1","12/21/20"
"El Potro: Unstoppable","12/21/20"
"Unsolved Mysteries: Volume 2: Washington Insider Murder","12/21/20"
"Scream: Season 2: Finale: Halloween / Halloween II","12/19/20"
"Scream: Season 2: When a Stranger Calls","12/19/20"
"The Stand-In","12/19/20"
"Supergirl: Season 2: Survivors","12/19/20"
"Supergirl: Season 2: Welcome to Earth","12/19/20"
"Unsolved Mysteries: Volume 1: Missing Witness","12/19/20"
"Scream: Season 2: Heavenly Creatures","12/18/20"
"Scream: Season 2: The Vanishing","12/18/20"
"Scream: Season 2: The Orphanage","12/18/20"
"Scream: Season 2: Village of the Damned","12/18/20"
"Scream: Season 2: Let The Right One In","12/17/20"
"Supergirl: Season 2: The Last Children of Krypton","12/17/20"
"Supergirl: Season 2: The Adventures of Supergirl","12/17/20"
"Scream: Season 2: Jeepers Creepers","12/16/20"
"Scream: Season 2: Dawn of the Dead","12/16/20"
"Scream: Season 2: Happy Birthday to Me","12/16/20"
"Scream: Season 2: Vacancy","12/15/20"
"Scream: Season 2: Psycho","12/15/20"
"Scream: Season 2: I Know What You Did Last Summer","12/14/20"
"The Haunting of Hill House: Silence Lay Steadily","12/13/20"
"The Haunting of Hill House: Screaming Meemies","12/13/20"
"The Haunting of Hill House: Witness Marks","12/13/20"
"Tom and Jerry: The Movie","12/13/20"
"Divórcio","12/13/20"
"The Sleepover","12/13/20"
"Supergirl: Season 1: Better Angels","12/13/20"
"Supergirl: Season 1: Myriad","12/13/20"
"The Haunting of Hill House: Eulogy","12/11/20"
"The Haunting of Hill House: Two Storms","12/11/20"
"The Haunting of Hill House: The Bent-Neck Lady","12/11/20"
"Supergirl: Season 1: World's Finest","12/11/20"
"Supergirl: Season 1: Manhunter","12/11/20"
"Supergirl: Season 1: Falling","12/11/20"
"The Haunting of Hill House: The Twin Thing","12/10/20"
"The Haunting of Hill House: Touch","12/10/20"
"The Haunting of Hill House: Open Casket","12/10/20"
"The Haunting of Hill House: Steven Sees a Ghost","12/8/20"
"Ava","12/7/20"
"The Haunting of Bly Manor: The Beast in the Jungle","12/5/20"
"The Haunting of Bly Manor: The Romance of Certain Old Clothes","12/5/20"
"The Haunting of Bly Manor: The Two Faces, Part Two","12/4/20"
"The Haunting of Bly Manor: The Jolly Corner","12/4/20"
"Supergirl: Season 1: Solitude","12/4/20"
"Supergirl: Season 1: Truth, Justice and The American Way","12/4/20"
"The Haunting of Bly Manor: The Altar of the Dead","12/3/20"
"The Haunting of Bly Manor: The Way It Came","12/2/20"
"The Haunting of Bly Manor: The Two Faces, Part One","12/2/20"
"The Five-Year Engagement","12/2/20"
"The Haunting of Bly Manor: The Pupil","12/1/20"
"The Haunting of Bly Manor: The Great Good Place","12/1/20"
"Unsolved Mysteries: Volume 1: Berkshires UFO","11/30/20"
"Supergirl: Season 1: For the Girl Who Has Everything","11/30/20"
"His House","11/29/20"
"Supergirl: Season 1: Bizarro","11/29/20"
"Supergirl: Season 1: Strange Visitor from Another Planet","11/29/20"
"Supergirl: Season 1: Childish Things","11/29/20"
"Supergirl: Season 1: Blood Bonds","11/28/20"
"Supergirl: Season 1: Hostile Takeover","11/28/20"
"Supergirl: Season 1: Human for a Day","11/28/20"
"Supergirl: Season 1: Red Faced","11/27/20"
"Supergirl: Season 1: How Does She Do It?","11/27/20"
"Supergirl: Season 1: Livewire","11/27/20"
"Supergirl: Season 1: Fight or Flight","11/27/20"
"Supergirl: Season 1: Stronger Together","11/26/20"
"Supergirl: Season 1: Pilot","11/26/20"
"Faith, Hope & Love","11/22/20"
"Secreto bien guardado: Season 1: Chapter 8: “The Reunion”","11/18/20"
"Secreto bien guardado: Season 1: Chapter 7: “Being Re Born”","11/18/20"
"Secreto bien guardado: Season 1: Chapter 6: “The Light Has Arrived”","11/18/20"
"Secreto bien guardado: Season 1: Chapter 5: “New And Bitter Life”","11/18/20"
"Secreto bien guardado: Season 1: Chapter 4: “Consequence”","11/18/20"
"Secreto bien guardado: Season 1: Chapter 3: “Truths”","11/18/20"
"Secreto bien guardado: Season 1: Chapter 2: “Jump Into Love”","11/17/20"
"Secreto bien guardado: Season 1: Chapter 1: “Glances”","11/17/20"
"Operation Christmas Drop","11/7/20"
"Vampires vs. the Bronx","11/7/20"
"Blockers","11/4/20"
"Christmas Made To Order","11/3/20"
"Holidate","11/1/20"
"Corpse Bride","11/1/20"
"Rise of the Guardians","11/1/20"
"A Babysitter's Guide to Monster Hunting","10/31/20"
"The Nut Job 2: Nutty by Nature","10/30/20"
"Over the Moon","10/23/20"
"The Magic School Bus Rides Again The Frizz Connection","10/23/20"
"Hubie Halloween","10/19/20"
"Away: Season 1: Home","10/6/20"
"Away: Season 1: Spektr","10/6/20"
"Away: Season 1: Vital Signs","10/5/20"
"Away: Season 1: Goodnight Mars","10/5/20"
"Away: Season 1: A Little Faith","10/5/20"
"Away: Season 1: Space Dogs","10/4/20"
"Away: Season 1: Excellent Chariots","10/4/20"
"Away: Season 1: Half the Sky","10/4/20"
"Away: Season 1: Negative Return","10/3/20"
"Away: Season 1: Go","10/3/20"
"The Social Dilemma","9/30/20"
"Ratched: Season 1: Mildred and Edmund","9/28/20"
"Ratched: Season 1: The Bucket List","9/28/20"
"Enola Holmes","9/27/20"
"Ratched: Season 1: Got No Strings","9/25/20"
"Ratched: Season 1: The Dance","9/25/20"
"Ratched: Season 1: Angel of Mercy: Part Two","9/24/20"
"Ratched: Season 1: Angel of Mercy","9/24/20"
"Unsolved Mysteries: Volume 1: No Ride Home","9/23/20"
"Ratched: Season 1: Ice Pick","9/23/20"
"Ratched: Season 1: Pilot","9/21/20"
"Project Power","9/18/20"
"Seriously Single","9/17/20"
"Love, Guaranteed","9/15/20"
"Next Gen","9/13/20"
"Pets United","9/12/20"
"The Lego Batman Movie","9/8/20"
"Work It","9/6/20"
"The Kissing Booth 2","8/27/20"
"The Kissing Booth","8/26/20"
"Once Upon a Time: Season 5: Our Decay","8/24/20"
"Unsolved Mysteries: Volume 1: House of Terror","8/20/20"
"Greenleaf: Season 5: Behold","8/20/20"
"Fearless","8/20/20"
"Greenleaf: Season 5: The Seventh Day","8/19/20"
"Greenleaf: Season 5: The Sixth Day","8/19/20"
"Greenleaf: Season 5: The Fifth Day","8/17/20"
"Unsolved Mysteries: Volume 1: 13 Minutes","8/14/20"
"Greenleaf: Season 5: The Fourth Day","8/14/20"
"Greenleaf: Season 5: The Third Day","8/14/20"
"Greenleaf: Season 5: The Second Day","8/13/20"
"Greenleaf: Season 5: The First Day","8/13/20"
"Parker","8/12/20"
"Once Upon a Time: Season 5: The Brothers Jones","8/11/20"
"Once Upon a Time: Season 5: Devil's Due","8/11/20"
"Animal Crackers","8/8/20"
"A Perfect Plan","8/7/20"
"Unsolved Mysteries: Volume 1: Mystery on the Rooftop","8/3/20"
"Fatal Affair","7/29/20"
"Once Upon a Time: Season 5: Labor of Love","7/28/20"
"Once Upon a Time: Season 5: Souls of the Departed","7/27/20"
"Once Upon a Time: Season 5: Swan Song","7/22/20"
"Fantastic Beasts and Where To Find Them","7/22/20"
"Harry Potter and the Order of the Phoenix","7/18/20"
"Once Upon a Time: Season 5: Broken Heart","7/17/20"
"Once Upon a Time: Season 5: The Bear King","7/16/20"
"Once Upon a Time: Season 5: Birth","7/16/20"
"Once Upon a Time: Season 5: Nimue","7/15/20"
"Once Upon a Time: Season 5: The Bear and The Bow","7/14/20"
"Once Upon a Time: Season 5: Dreamcatcher","7/13/20"
"Once Upon a Time: Season 5: The Broken Kingdom","7/12/20"
"Once Upon a Time: Season 5: Siege Perilous","7/12/20"
"Last Holiday","7/11/20"
"Once Upon a Time: Season 5: The Price","7/10/20"
"Once Upon a Time: Season 5: The Dark Swan","7/10/20"
"Batman Begins","7/10/20"
"Superman Returns","7/10/20"
"Suicide Squad","7/10/20"
"Once Upon a Time: Season 4: Operation Mongoose: Part 2","7/9/20"
"Once Upon a Time: Season 4: Operation Mongoose: Part 1","7/9/20"
"Once Upon a Time: Season 4: Mother","7/9/20"
"Once Upon a Time: Season 4: Lily","7/8/20"
"Once Upon a Time: Season 4: Sympathy for the De Vil","7/8/20"
"Once Upon a Time: Season 4: Heart of Gold","7/7/20"
"Once Upon a Time: Season 4: Best Laid Plans","7/7/20"
"Dark: Season 3: The Paradise","7/6/20"
"Dark: Season 3: Between the Time","7/5/20"
"Dark: Season 3: Light and Shadow","7/5/20"
"My Perfect Romance","7/5/20"
"Dark: Season 3: Life and Death","7/2/20"
"Dark: Season 3: The Origin","7/1/20"
"Feel the Beat","7/1/20"
"Dark: Season 3: Adam and Eva","6/30/20"
"Dark: Season 3: The Survivors","6/29/20"
"Dark: Season 3: Deja-vu","6/28/20"
"How to Get Away With Murder: Season 5: Please Say No One Else Is Dead","6/18/20"
"How to Get Away With Murder: Season 5: Make Me the Enemy","6/16/20"
"How to Get Away With Murder: Season 5: Where Are Your Parents?","6/16/20"
"How to Get Away With Murder: Season 5: We Know Everything","6/15/20"
"How to Get Away With Murder: Season 5: Be the Martyr","6/15/20"
"How to Get Away With Murder: Season 5: Don't Go Dark on Me","6/14/20"
"How to Get Away With Murder: Season 5: He Betrayed Us Both","6/14/20"
"How to Get Away With Murder: Season 5: I Want to Love You Until the Day I Die","6/11/20"
"How to Get Away With Murder: Season 5: I Got Played","6/11/20"
"How to Get Away With Murder: Season 5: We Can Find Him","6/11/20"
"How to Get Away With Murder: Season 5: It Was the Worst Day of My Life","6/10/20"
"How to Get Away With Murder: Season 5: It's Her Kid","6/10/20"
"How to Get Away With Murder: Season 5: The Baby Was Never Dead","6/10/20"
"How to Get Away With Murder: Season 5: Whose Blood Is That?","6/9/20"
"How to Get Away With Murder: Season 5: Your Funeral","6/9/20"
"How to Get Away With Murder: Season 4: Nobody Else Is Dying","6/9/20"
"How to Get Away With Murder: Season 4: The Day Before He Died","6/8/20"
"How to Get Away With Murder: Season 4: Lahey v. Commonwealth of Pennsylvania","6/8/20"
"How to Get Away With Murder: Season 4: Ask Him About Stella","6/7/20"
"How to Get Away With Murder: Season 4: He's a Bad Father","6/7/20"
"How to Get Away With Murder: Season 4: Everything We Did Was for Nothing","6/7/20"
"How to Get Away With Murder: Season 4: He's Dead","6/5/20"
"How to Get Away With Murder: Season 4: Live. Live. Live","6/5/20"
"How to Get Away With Murder: Season 4: Nobody Roots for Goliath","6/5/20"
"How to Get Away With Murder: Season 4: Stay Strong, Mama","6/4/20"
"How to Get Away With Murder: Season 4: I Love Her","6/4/20"
"How to Get Away With Murder: Season 4: Was She Ever Good at Her Job?","6/3/20"
"How to Get Away With Murder: Season 4: It's for the Greater Good","6/3/20"
"How to Get Away With Murder: Season 4: I'm Not Her","6/2/20"
"How to Get Away With Murder: Season 4: I'm Going Away","6/2/20"
"How to Get Away With Murder: Season 3: Wes","6/2/20"
"Unforgettable","6/1/20"
"How to Get Away With Murder: Season 3: He Made a Terrible Mistake","5/31/20"
"How to Get Away With Murder: Season 3: It's War","5/31/20"
"How to Get Away With Murder: Season 3: Go Cry Somewhere Else","5/31/20"
"How to Get Away With Murder: Season 3: Not Everything's About Annalise","5/29/20"
"How to Get Away With Murder: Season 3: We're Bad People","5/29/20"
"How to Get Away With Murder: Season 3: Who's Dead?","5/28/20"
"How to Get Away With Murder: Season 3: No More Blood","5/28/20"
"How to Get Away With Murder: Season 3: Call It Mother's Intuition","5/27/20"
"How to Get Away With Murder: Season 3: Is Someone Really Dead?","5/27/20"
"How to Get Away With Murder: Season 3: We're Good People Now","5/26/20"
"Greenleaf: Season 4: Gratitude","5/25/20"
"Greenleaf: Season 4: God's Justice","5/24/20"
"Greenleaf: Season 4: Surprise!","5/24/20"
"Greenleaf: Season 4: Reunited","5/24/20"
"The Wrong Missy","5/22/20"
"Greenleaf: Season 4: The Stranger","5/21/20"
"Greenleaf: Season 4: Unwanted","5/21/20"
"Greenleaf: Season 4: A Common Enemy","5/20/20"
"Greenleaf: Season 4: Visions and Dreams","5/20/20"
"Greenleaf: Season 4: Did I Lose You?","5/19/20"
"Greenleaf: Season 4: Original Sin","5/19/20"
"Greenleaf: Season 3: The New Life","5/18/20"
"Greenleaf: Season 3: Day of Reckoning","5/18/20"
"Greenleaf: Season 3: The End Is Near","5/18/20"
"Greenleaf: Season 3: The Promised Land","5/17/20"
"Greenleaf: Season 3: Runaway Train","5/17/20"
"Greenleaf: Season 3: Dea Abscondita","5/17/20"
"Greenleaf: Season 3: That Was Then","5/16/20"
"Greenleaf: Season 3: She Changes Everything","5/16/20"
"Greenleaf: Season 3: Closing Doors","5/14/20"
"Greenleaf: Season 3: The Underdog","5/14/20"
"Greenleaf: Season 3: Chain of Command","5/13/20"
"Greenleaf: Season 3: The Space Between","5/13/20"
"Greenleaf: Season 3: Strange Currents","5/12/20"
"Greenleaf: Season 2: The Pearl","5/12/20"
"Greenleaf: Season 2: Two by Two","5/11/20"
"Greenleaf: Season 2: The Father's Will","5/10/20"
"Greenleaf: Season 2: Silence and Loneliness","5/10/20"
"Greenleaf: Season 2: House Rules","5/10/20"
"Greenleaf: Season 2: Changing Season","5/9/20"
"Greenleaf: Season 2: Call Not Complete","5/9/20"
"Greenleaf: Season 2: The Bear","5/8/20"
"Greenleaf: Season 2: And the Sparks Fly Upward","5/8/20"
"Greenleaf: Season 2: Born to Trouble","5/7/20"
"Greenleaf: Season 2: The Royal Family","5/6/20"
"Greenleaf: Season 2: Point of No Return","5/5/20"
"It Takes Two","5/5/20"
"Vacation","5/5/20"
"Greenleaf: Season 2: Revival","5/4/20"
"Greenleaf: Season 2: A Mother’s Love","5/3/20"
"Greenleaf: Season 2: Strange Bedfellows","5/3/20"
"Greenleaf: Season 2: A House Divided","5/3/20"
"Greenleaf: Season 1: What Are You Doing Here?","5/1/20"
"Greenleaf: Season 1: Veni, Vidi, Vici","5/1/20"
"Greenleaf: Season 1: Men Like Trees Walking","4/30/20"
"Greenleaf: Season 1: March to the Sea","4/30/20"
"The Willoughbys","4/28/20"
"Greenleaf: Season 1: The Broken Road","4/27/20"
"Greenleaf: Season 1: The Whole Book","4/24/20"
"Greenleaf: Season 1: One Train May Hide Another","4/22/20"
"Money Heist: Part 4: The Paris Plan","4/14/20"
"Money Heist: Part 4: Strike the Tent","4/14/20"
"Money Heist: Part 4: TKO","4/14/20"
"Money Heist: Part 4: 5 Minutes Earlier","4/11/20"
"Money Heist: Part 4: Pasodoble","4/11/20"
"Money Heist: Part 4: Anatomy Lesson","4/11/20"
"Money Heist: Part 4: Berlin's Wedding","4/10/20"
"Money Heist: Part 4: Game Over","4/10/20"
"Mark of the Devil","3/27/20"
"Spenser Confidential","3/16/20"
"Greenleaf: Season 1: Good Morning, Calvary","3/10/20"
"Pup Academy: Season 1: Spark Strays","2/23/20"
"Pup Academy: Season 1: My Uncle Is Dude","2/23/20"
"Pup Academy: Season 1: Cooking Up Trouble","2/23/20"
"Pup Academy: Season 1: Oopsie!","2/23/20"
"Pup Academy: Season 1: Tell Us About Your Human Day","2/23/20"
"Pup Academy: Season 1: The Stray’s First Day","2/22/20"
"No Good Deed","2/21/20"
"Bolt","2/21/20"
"Greenleaf: Season 1: Meaningful Survival","2/19/20"
"The Unborn","2/19/20"
"When We First Met","2/15/20"
"To All the Boys: P.S. I Still Love You","2/14/20"
"Greenleaf: Season 1: Behind Closed Doors","2/13/20"
"Greenleaf: Season 1: We Shall See Him as He Is","2/13/20"
"Greenleaf: Season 1: The Baptism","2/12/20"
"Greenleaf: Season 1: A Time To Heal","2/8/20"
"The Perfect Date","2/6/20"
"Falling Inn Love","2/4/20"
"When the Bough Breaks","2/3/20"
"Personal Shopper","2/3/20"
"Lights Out","2/1/20"
"The Veil","2/1/20"
"Lucifer: Season 3: Off the Record","1/28/20"
"Overboard (2018)","1/26/20"
"Dracula: Season 1: The Dark Compass","1/24/20"
"Dracula: Season 1: Blood Vessel","1/24/20"
"Dracula: Season 1: The Rules of the Beast","1/23/20"
"A Fall from Grace","1/20/20"
"Into the Woods","1/18/20"
"A Cure for Wellness","1/18/20"
"Chilling Adventures of Sabrina: Part 1: Chapter One: October Country","1/18/20"
"Lucifer: Season 3: Vegas with Some Radish","1/16/20"
"Bates Motel: Season 5: The Cord","1/15/20"
"Bates Motel: Season 5: Visiting Hours","1/15/20"
"Bates Motel: Season 5: The Body","1/15/20"
"Bates Motel: Season 5: Inseparable","1/14/20"
"Bates Motel: Season 5: Marion","1/14/20"
"Bates Motel: Season 5: Dreams Die First","1/13/20"
"Bates Motel: Season 5: Hidden","1/13/20"
"Bates Motel: Season 5: Bad Blood","1/12/20"
"Nanny McPhee and the Big Bang","1/12/20"
"Bates Motel: Season 5: The Convergence of the Twain","1/8/20"
"Bates Motel: Season 5: Dark Paradise","1/8/20"
"Lucifer: Season 3: Welcome Back, Charlotte Richards","1/7/20"
"The Irishman","1/6/20"
"The Two Popes","1/4/20"
"6 Underground","1/3/20"
"Flushed Away","12/30/19"
"The Witcher: Season 1: Much More","12/29/19"
"The Witcher: Season 1: Before a Fall","12/28/19"
"The Witcher: Season 1: Rare Species","12/28/19"
"It Comes at Night","12/27/19"
"The Witcher: Season 1: Bottled Appetites","12/26/19"
"The Witcher: Season 1: Of Banquets, Bastards and Burials","12/26/19"
"Bates Motel: Season 4: Norman","12/23/19"
"Bates Motel: Season 4: A Danger to Himself and Others","12/23/19"
"The Witcher: Season 1: Betrayer Moon","12/23/19"
"The Witcher: Season 1: Four Marks","12/22/19"
"I'll Be Home for Christmas","12/22/19"
"The Witcher: Season 1: The End’s Beginning","12/21/19"
"February","12/21/19"
"Money Heist: Part 3: Astray","12/21/19"
"Money Heist: Part 3: A Quick Vacation","12/20/19"
"Money Heist: Part 3: Everything Seemed Insignificant","12/20/19"
"Money Heist: Part 3: Boom, Boom, Ciao","12/16/19"
"Money Heist: Part 3: It's Dolphin Time","12/16/19"
"Money Heist: Part 3: 48 Meters Underground","12/16/19"
"Poseidon","12/16/19"
"Christmas Wedding Planner","12/15/19"
"Money Heist: Part 3: Aikido","12/14/19"
"Money Heist: Part 3: We're Back","12/14/19"
"Money Heist: Part 2: Episode 9","12/12/19"
"Money Heist: Part 2: Episode 8","12/12/19"
"Mean Girls","12/11/19"
"Money Heist: Part 2: Episode 7","12/9/19"
"Money Heist: Part 2: Episode 6","12/9/19"
"A Cinderella Story: Christmas Wish","12/8/19"
"The Good Place: Season 1: Jason Mendoza","12/8/19"
"The Good Place: Season 1: Tahani Al-Jamil","12/8/19"
"The Good Place: Season 1: Flying","12/8/19"
"Money Heist: Part 2: Episode 5","12/6/19"
"Money Heist: Part 2: Episode 4","12/6/19"
"Money Heist: Part 2: Episode 3","12/6/19"
"Money Heist: Part 2: Episode 2","12/2/19"
"Money Heist: Part 2: Episode 1","12/2/19"
"Money Heist: Part 1: Episode 13","12/1/19"
"Money Heist: Part 1: Episode 12","12/1/19"
"Money Heist: Part 1: Episode 11","11/30/19"
"Money Heist: Part 1: Episode 10","11/30/19"
"Money Heist: Part 1: Episode 9","11/26/19"
"Money Heist: Part 1: Episode 8","11/26/19"
"Money Heist: Part 1: Episode 7","11/25/19"
"Money Heist: Part 1: Episode 6","11/25/19"
"When a Stranger Calls","11/21/19"
"Oh, Ramona!","11/20/19"
"Haunted: Season 1: The Woman in White","11/20/19"
"Fractured","11/17/19"
"Now You See Me 2","11/17/19"
"The Santa Clause 3: The Escape Clause","11/16/19"
"Wish Upon","11/15/19"
"In the Shadow of the Moon","11/15/19"
"A Wish for Christmas","11/14/19"
"The Good Place: Season 1: Everything Is Fine","11/13/19"
"Sextuplets","11/13/19"
"Holiday in the Wild","11/13/19"
"Eli","11/10/19"
"Let It Snow","11/10/19"
"Goosebumps","11/10/19"
"In the Tall Grass","10/12/19"
"The Witches","8/8/19"
"Otherhood","8/5/19"
"Always Be My Maybe","8/2/19"
"Lucifer: Season 3: What Would Lucifer Do?","7/30/19"
"Lucifer: Season 3: Mr. and Mrs. Mazikeen Smith","7/30/19"
"Lucifer: Season 3: The One with the Baby Carrot","7/26/19"
"Lucifer: Season 3: They're Back, Aren't They?","7/25/19"
"Lucifer: Season 3: Once Upon a Time","7/25/19"
"Lucifer: Season 4: Everything's Okay","7/25/19"
"Lucifer: Season 2: God Johnson","7/25/19"
"Stranger Things: Stranger Things 3: Chapter Eight: The Battle of Starcourt","7/25/19"
"Stranger Things: Stranger Things 3: Chapter Seven: The Bite","7/23/19"
"Stranger Things: Stranger Things 3: Chapter Six: E Pluribus Unum","7/20/19"
"Stranger Things: Stranger Things 3: Chapter Five: The Flayed","7/20/19"
"Stranger Things: Stranger Things 3: Chapter Four: The Sauna Test","7/16/19"
"Stranger Things: Stranger Things 3: Chapter Three: The Case of the Missing Lifeguard","7/16/19"
"Stranger Things: Stranger Things 3: Chapter Two: The Mall Rats","7/15/19"
"Stranger Things: Stranger Things 3: Chapter One: Suzie, Do You Copy?","7/14/19"
"Dark: Season 2: Endings and Beginnings","7/14/19"
"Dark: Season 2: The White Devil","7/12/19"
"Dark: Season 2: An Endless Cycle","7/12/19"
"Dark: Season 2: Lost and Found","7/10/19"
"Dark: Season 2: The Travelers","7/10/19"
"Dark: Season 2: Ghosts","7/9/19"
"Dark: Season 2: Dark Matter","7/8/19"
"Dark: Season 2: Beginnings and Endings","7/8/19"
"The Darkness","7/8/19"
"Dark: Season 1: Alpha and Omega","7/7/19"
"Dark: Season 1: Everything Is Now","7/5/19"
"Dark: Season 1: As You Sow, So You Shall Reap","6/30/19"
"Dark: Season 1: Crossroads","6/29/19"
"Dark: Season 1: Sic Mundus Creatus Est","6/29/19"
"Dark: Season 1: Truths","6/29/19"
"Dark: Season 1: Double Lives","6/28/19"
"The Lake House","6/26/19"
"Dark: Season 1: Past and Present","6/25/19"
"Dark: Season 1: Lies","6/24/19"
"Dark: Season 1: Secrets","6/24/19"
"Murder Mystery","6/21/19"
"Alien Warfare","4/20/19"
"Luciferina","4/19/19"
"Cell Phone","4/12/19"
"Viral","4/8/19"
"The Stepfather","4/6/19"
"Final Girl","4/5/19"
"The Warning","4/5/19"
"Before I Go to Sleep","4/2/19"
"The Boss","4/1/19"
"Secret in Their Eyes","3/29/19"
"Nothing to Hide","3/25/19"
"Addicted","3/20/19"
"The Story of God with Morgan Freeman: Season 1: The Power of Miracles","3/18/19"
"The Open House","3/17/19"
"Isn't It Romantic","3/10/19"
"The Story of God with Morgan Freeman: Season 1: Why Does Evil Exist?","3/6/19"
"Miss Meadows","3/5/19"
"Set It Up","3/3/19"
"How It Ends","3/3/19"
"Left Behind","3/3/19"
"The Mask","2/24/19"
"Annihilation","2/23/19"
"Mr. Right","2/22/19"
"13 Hours: The Secret Soldiers of Benghazi","2/19/19"
"The Vatican Tapes","2/16/19"
"Dumplin'","2/15/19"
"The Good Dinosaur","2/14/19"
"Unlocked","2/13/19"
"Close","2/12/19"
"Polar","2/10/19"
"Chiquititas: Episode 1","2/10/19"
"The Losers","2/7/19"
"The Story of God with Morgan Freeman: Season 1: Who Is God?","2/4/19"
"The Story of God with Morgan Freeman: Season 1: Creation","1/30/19"
"The Story of God with Morgan Freeman: Season 1: Apocalypse","1/29/19"
"PAW Patrol: Season 1: Pups Save the Sea Turtles / Pups and the Very Big Baby","1/29/19"
"PAW Patrol: Season 1: Pups Make a Splash / Pups Fall Festival","1/29/19"
"The Story of God with Morgan Freeman: Season 1: Beyond Death","1/28/19"
"Barbie Life in the Dreamhouse: Season 1: Best of Ken","1/22/19"
"Barbie Life in the Dreamhouse: Season 1: Best of Family","1/22/19"
"PJ Masks: Season 1: Gekko Saves Christmas / Gekko's Nice Ice Plan","1/22/19"
"PJ Masks: Season 1: Catboy and the Shrinker / Owlette and the Moon-Ball","1/22/19"
"The Little Lulu Show: Season 1: Green Girl / Rainy Day / Beautiful Lulu","1/22/19"
"Once Upon a Time: Season 4: Poor Unfortunate Soul","1/21/19"
"Central Intelligence","1/20/19"
"Vampirina: Season 1: Going Batty / Scare B&B","1/18/19"
"Dragons: Race to the Edge: Season 1: Eye of the Beholder, Part 1","1/18/19"
"Odd Squad: Season 1: Zero Effect / Bad Luck Bears","1/18/19"
"Luna Petunia: Season 1: Amazing Amazia Rainbow","1/18/19"
"We're Lalaloopsy: Season 1: Spot's Good Hair Day / Jewel Bakes a Cake","1/18/19"
"We're Lalaloopsy: Season 1: Storm E Sky's Ahead / Storm E Rolls In","1/18/19"
"Misconduct","1/17/19"
"Mara","1/14/19"
"Aloha","1/13/19"
"Strawberry Shortcake: Berry Bitty Adventures: Season 4: A Berry Merry Birthday","1/12/19"
"Strawberry Shortcake: Berry Bitty Adventures: Season 4: High Tech Drama","1/12/19"
"Strawberry Shortcake: Berry Bitty Adventures: Season 4: Berry Bitty Adventurer","1/12/19"
"Strawberry Shortcake: Berry Bitty Adventures: Season 4: Berry Double Trouble","1/12/19"
"Mia and Me: Season 2: Behind the Curtain","1/12/19"
"Mia and Me: Season 2: The Mysterious Visitor","1/12/19"
"Sofia the First: Season 3: The Princess Ballet","1/9/19"
"Sofia the First: Season 3: The Fliegel Has Landed","1/9/19"
"Sofia the First: Season 3: Cool Hand Fluke","1/9/19"
"Cine Gibi: Turma da Mônica CineGibi: Turma da Mônica: CineGibi 1","1/7/19"
"Barbie Life in the Dreamhouse: Season 1: Best of Friends","1/7/19"
"Barbie Life in the Dreamhouse: Season 1: Best of Dreamhouse","1/7/19"
"Sylvanian Families: A Town of Dreams ","1/7/19"
"Sylvanian Families: The Treasure of Sylvania Village ","1/6/19"
"Frozen Fever","1/6/19"
"Once Upon a Time: Season 4: Enter the Dragon","1/3/19"
"Once Upon a Time: Season 4: Unforgiven","1/3/19"
"Once Upon a Time: Season 4: Darkness on the Edge of Town","1/2/19"
"Dance & Sing with True: Songs: Glummy's Gloom","1/1/19"
"Dance & Sing with True: Songs: Little Helpers","1/1/19"
"Dance & Sing with True: Songs: The Kittynati","1/1/19"
"Dance & Sing with True: Songs: Super Duper Dance Party","1/1/19"
"WALL-E","12/31/18"
"Barbie Life in the Dreamhouse: Season 1: Perf Pool Party & Trapped in the Dreamhouse","12/31/18"
"Once Upon a Time: Season 4: Heroes and Villains","12/30/18"
"Once Upon a Time: Season 4: Shattered Sight","12/30/18"
"Shaun the Sheep: Season 3: The Stand Off/The Coconut","12/29/18"
"Once Upon a Time: Season 4: Fall","12/28/18"
"Once Upon a Time: Season 4: Smash the Mirror: Part 2","12/28/18"
"Bird Box","12/27/18"
"Tangled: The Series: Season 1: Tangled Before Ever After: Part 2","12/27/18"
"Tangled: The Series: Season 1: Tangled Before Ever After: Part 1","12/27/18"
"Tangled: The Series: Season 1: What the Hair?!","12/27/18"
"Once Upon a Time: Season 4: Smash the Mirror: Part 1","12/25/18"
"Once Upon a Time: Season 4: The Snow Queen","12/25/18"
"Once Upon a Time: Season 4: Family Business","12/25/18"
"The Real Ghostbusters: Season 1: Killerwatt","12/25/18"
"Sylvanian Families: Season 1: Pit-a-pat Concert","12/25/18"
"Sylvanian Families: Season 1: Help me, Melinda!","12/25/18"
"Sylvanian Families: Season 1: Dream Dates of the Big Sisters","12/25/18"
"Sylvanian Families: Season 1: Amazing Birthday Magic","12/25/18"
"Sylvanian Families: Season 1: Freya's Big Sister in Town","12/25/18"
"Sylvanian Families: Season 1: The Big Beach Holiday on the Big Sea","12/25/18"
"Sylvanian Families: Season 1: Birthday Present Cake Racing","12/25/18"
"Sylvanian Families: Season 1: The Great Halloween Adventure!","12/25/18"
"Sylvanian Families: Season 1: Freya's Fun-filled Family","12/25/18"
"Frozen Northern Lights","12/24/18"
"A Christmas Prince","12/23/18"
"A Christmas Prince: The Royal Wedding","12/23/18"
"The Princess Switch","12/23/18"
"A Witches' Ball","12/23/18"
"Masha's Spooky Stories: Season 1: Episode 6","12/23/18"
"Masha's Spooky Stories: Season 1: Episode 5","12/23/18"
"Masha's Spooky Stories: Season 1: Episode 4","12/23/18"
"Masha's Spooky Stories: Season 1: Episode 3","12/23/18"
"The Little Mermaid","12/22/18"
"Sylvanian Families: Season 1: Secret Tree House Tour","12/21/18"
"Sylvanian Families: Season 1: Freya and Everyone's Dream","12/21/18"
"Once Upon a Time: Season 4: Breaking Glass","12/20/18"
"Luna Petunia: Return to Amazia: Season 2: Macy's Sleepover / Elephant Fly","12/20/18"
"Regal Academy: Season 1: A School for Fairy Tales","12/20/18"
"Once Upon a Time: Season 4: The Apprentice","12/19/18"
"Once Upon a Time: Season 4: Rocky Road","12/19/18"
"Once Upon a Time: Season 4: White Out","12/19/18"
"Barbie & Her Sisters in a Pony Tale","12/19/18"
"LEGO Friends: The Power of Friendship: Season 2: Roomies","12/19/18"
"LEGO Friends: The Power of Friendship: Season 2: Keepin’ It Real","12/19/18"
"LEGO Friends: The Power of Friendship: Season 1: Slam Dunk","12/19/18"
"LEGO Friends: The Power of Friendship: Season 1: Camp Wild Hearts","12/19/18"
"PJ Masks: Season 1: Gekko and the Super Ninjalinos / Owlette's Terrible Pterodactyl Trouble","12/17/18"
"PJ Masks: Season 1: Owlette and the Flash Flip Trip / Catboy and the Pogo Dozer","12/17/18"
"Mia and Me: Season 1: Centopia's Hope","12/17/18"
"Mia and Me: Season 1: Talking to Unicorns","12/17/18"
"Ever After High: Welcome to Ever After High: Legacy Day","12/17/18"
"Winx Club: Season 1: An Unexpected Event","12/17/18"
"PJ Masks: Season 1: Blame It on the Train, Owlette / Catboy's Cloudy Crisis","12/17/18"
"The Christmas Chronicles","12/17/18"
"Barbie in Princess Power","12/16/18"
"Barbie Dreamhouse Adventures: Season 1: Road Trip!","12/16/18"
"Barbie Dreamhouse Adventures: Season 1: Baby Sister Babysitter","12/16/18"
"Barbie Dreamhouse Adventures: Season 1: The Great Pioneer Adventure","12/16/18"
"Barbie Dreamhouse Adventures: Season 1: Nobody's Cupcake","12/16/18"
"Barbie Life in the Dreamhouse: Season 1: Best of Pets","12/16/18"
"Barbie Life in the Dreamhouse: Season 1: Best of Malibu","12/16/18"
"Mowgli: Legend of the Jungle","12/16/18"
"Once Upon a Time: Season 4: A Tale of Two Sisters","12/15/18"
"Once Upon a Time: Season 3: There's No Place Like Home","12/15/18"
"Once Upon a Time: Season 3: Snow Drifts","12/14/18"
"Once Upon a Time: Season 3: Kansas","12/14/18"
"Masha's Tales: Season 1: Episode 5","12/12/18"
"Masha's Tales: Season 1: Episode 4","12/12/18"
"Masha's Tales: Season 1: Episode 3","12/12/18"
"Masha's Tales: Season 1: Episode 2","12/12/18"
"Masha's Tales: Season 1: Episode 1","12/11/18"
"The Worst Witch: Season 2: Tortoise Trouble","12/11/18"
"Hocus Pocus","12/11/18"
"The Nightmare Before Christmas","12/11/18"
"Coraline","12/11/18"
"Frozen","12/11/18"
"Tangled: The Series: Season 1: In Like Flynn","12/11/18"
"Super Monsters and the Wish Star","12/11/18"
"Once Upon a Time: Season 3: A Curious Thing","12/10/18"
"Once Upon a Time: Season 3: Bleeding Through","12/10/18"
"Masha and the Bear: Season 1: Recipe for Disaster / Hold Your Breath! / The Foundling","12/8/18"
"Masha and the Bear: Season 1: Holiday on Ice / Hocus-Pocus / Little Cousin","12/8/18"
"Masha and the Bear: Season 1: Laundry Day / Hide and Seek is Not for the Weak / Home Improvement","12/8/18"
"Masha and the Bear: Season 1: Gone Fishing! / Stripes and Whiskers / Call Me Please!","12/8/18"
"Masha and the Bear: Season 1: Tracks of Unknown Animals / Watch Out! / Home Alone","12/8/18"
"Masha and the Bear: Season 1: Jam Day / Prances with Wolves / Springtime for Bear","12/8/18"
"Masha and the Bear: Season 1: How They Met / Don’t Wake Till Spring! / One, Two, Three! Light the Christmas Tree!","12/7/18"
"Once Upon a Time: Season 3: The Jolly Roger","12/6/18"
"Once Upon a Time: Season 3: It's Not Easy Being Green","12/6/18"
"Strange Magic","12/5/18"
"Angela's Christmas","12/5/18"
"Barbie of Swan Lake","12/4/18"
"Masha's Spooky Stories: Season 1: Episode 2","11/30/18"
"Masha's Spooky Stories: Season 1: Episode 1","11/30/18"
"Legends of Oz: Dorothy’s Return","11/26/18"
"Ballerina","11/25/18"
"Olaf's Frozen Adventure","11/23/18"
"Barbie Mariposa & the Fairy Princess","11/23/18"
"Project Mc²: Part 1: The New Girl","11/23/18"
"Inside Out","11/22/18"
"Barbie Life in the Dreamhouse: Season 1: Sister's Fun Day","11/21/18"
"Barbie Life in the Dreamhouse: Season 1: Best of Fashion","11/21/18"
"Barbie Life in the Dreamhouse: Season 1: Best of Sisters","11/21/18"
"Barbie Life in the Dreamhouse: Season 1: The Amaze Chase","11/21/18"
"Barbie Life in the Dreamhouse: Season 1: Best of Barbie","11/21/18"
"Grimm: Season 1: Bears Will Be Bears","11/19/18"
"Grimm: Season 1: Pilot","11/19/18"
"Once Upon a Time: Season 3: Quiet Minds","11/18/18"
"Once Upon a Time: Season 3: The Tower","11/18/18"
"Tangled","11/18/18"
"The Secret Life of Pets","11/18/18"
"Tales of Halloween","11/16/18"
"Once Upon a Time: Season 3: Witch Hunt","11/16/18"
"Once Upon a Time: Season 3: New York City Serenade","11/16/18"
"Barbie Dolphin Magic","11/16/18"
"Lilo & Stitch","11/15/18"
"Elena of Avalor: Season 1: First Day of Rule","11/14/18"
"Once Upon a Time: Season 3: Going Home","11/13/18"
"Spirit Riding Free: Season 6: Lucky and the Doubtful Drought","11/9/18"
"Tangled: The Series: Season 1: The Return of Strongbow","11/7/18"
"Tangled: The Series: Season 1: Cassandra v. Eugene","11/7/18"
"Tangled: The Series: Season 1: Challenge of the Brave","11/6/18"
"Once Upon a Time: Season 3: The New Neverland","11/5/18"
"Peppa Pig: Season 2: The Traffic Jam / Bedtime / The Sports Day / The Eye Test","11/4/18"
"Peppa Pig: Season 2: The Time Capsule / Rock Pools / Recycling / The Boat Pond","11/4/18"
"Penguins of Madagascar: The Movie","11/4/18"
"DreamWorks Spooky Stories: Volume 2: Volume 2: Monsters vs. Aliens: Night of the Living Carrots","11/4/18"
"DreamWorks Spooky Stories: Volume 2: Volume 2: Play All Four: Spooky Stories: Volume 2","11/4/18"
"Puss in Book: Trapped in an Epic Tale","11/2/18"
"Shrek 2","11/2/18"
"Tangled: The Series: Season 1: Fitzherbert P.I.","10/30/18"
"Tangled: The Series: Season 1: Rapunzel's Enemy","10/30/18"
"Barbie Mermaidia","10/29/18"
"Once Upon a Time: Season 3: Save Henry","10/28/18"
"Once Upon a Time: Season 3: Think Lovely Thoughts","10/28/18"
"Once Upon a Time: Season 3: Dark Hollow","10/28/18"
"Good Luck Charlie: Season 1: Study Date","10/27/18"
"SpongeBob SquarePants: Season 1: Help Wanted / Reef Blowers / Tea at the Treedome","10/24/18"
"Barbie Dreamhouse Adventures: Season 1: Clubhouse (Remix)","10/23/18"
"Free Rein: Season 1: Close Up","10/23/18"
"Free Rein: Season 1: Raven","10/23/18"
"Barbie Dreamhouse Adventures: Season 1: Welcome to the Dreamhouse!","10/20/18"
"Barbie Dreamhouse Adventures: Season 1: The Roof Fairy","10/19/18"
"Barbie Dreamhouse Adventures: Season 1: Picture Perfect Cake","10/19/18"
"Anne with an E: Season 2: The Painful Eagerness of Unfed Hope","10/16/18"
"Once Upon a Time: Season 3: Ariel","10/15/18"
"Once Upon a Time: Season 3: Good Form","10/15/18"
"The Boss Baby: Back in Business: Season 1: Scooter Buskie","10/15/18"
"Masha and the Bear: Season 2: Sabre-Toothed Bear / Happy Harvest / See You Later","10/15/18"
"Masha and the Bear: Season 2: Self-Made Hero / The Thriller Night / Dance Fever","10/15/18"
"Masha and the Bear: Season 2: Home-Grown Ninjas / Bon Appétit / Variety Show","10/15/18"
"Masha and the Bear: Season 2: And Action! / Victory Cry / The Puzzling Case","10/15/18"
"Masha and the Bear: Season 2: Terrible Power / Hat Trick / Two Much","10/15/18"
"Once Upon a Time: Season 3: Nasty Habits","10/14/18"
"Once Upon a Time: Season 3: Quite a Common Fairy","10/14/18"
"Once Upon a Time: Season 3: Lost Girl","10/13/18"
"Once Upon a Time: Season 3: The Heart of the Truest Believer","10/13/18"
"Once Upon a Time: Season 2: And Straight on 'Til Morning","10/13/18"
"Doc McStuffins: Season 4: Cece's First Bath / The Most Impatient Patient","10/12/18"
"Doc McStuffins: Season 4: Made to Be a Nurse / Rescue at the Ranch","10/12/18"
"Monsters vs. Aliens","10/12/18"
"Masha and the Bear: Season 2: Once Upon a Year / Trading Places Day / All in the Family","10/12/18"
"Masha and the Bear: Season 2: La Dolce Vita / Kidding Around / Bon Voyage","10/12/18"
"Once Upon a Time: Season 2: Second Star to the Right","10/11/18"
"Once Upon a Time: Season 2: The Evil Queen","10/11/18"
"Once Upon a Time: Season 2: Lacey","10/11/18"
"Masha and the Bear: Season 2: Picture Perfect / Swept Away / Growing Potion","10/11/18"
"Masha and the Bear: Season 1: One Hit Wonder / Get Well Soon! / Time to Ride My Pony","10/11/18"
"Masha and the Bear: Season 1: First Day of School / The Grand Piano Lesson / No Trespassing!","10/11/18"
"The Real Ghostbusters: Season 1: Ghosts R Us","10/8/18"
"She-Ra: Season 1: The Secret of the Sword","10/8/18"
"The Parent Trap","10/8/18"
"The Little Vampire","10/8/18"
"Once Upon a Time: Season 2: Selfless, Brave and True","10/7/18"
"Once Upon a Time: Season 2: Welcome to Storybrooke","10/6/18"
"Once Upon a Time: Season 2: The Miller's Daughter","10/1/18"
"Hotel Transylvania 2","10/1/18"
"Once Upon a Time: Season 2: The Queen Is Dead","9/30/18"
"Brave","9/30/18"
"Maleficent","9/30/18"
"My Little Pony Equestria Girls: Rainbow Rocks","9/30/18"
"The Dragon Prince: Season 1: Echoes of Thunder","9/30/18"
"Legend Quest: Season 1: The Prophecy","9/30/18"
"Mamma Mia!","9/29/18"
"Once Upon a Time: Season 2: Manhattan","9/29/18"
"Once Upon a Time: Season 2: Tiny","9/29/18"
"Once Upon a Time: Season 2: In the Name of the Brother","9/28/18"
"Monster House","9/26/18"
"Once Upon a Time: Season 2: The Outsider","9/25/18"
"Once Upon a Time: Season 2: The Cricket Game","9/25/18"
"Once Upon a Time: Season 2: Queen of Hearts","9/24/18"
"Once Upon a Time: Season 2: Into the Deep","9/23/18"
"Once Upon a Time: Season 2: Child of the Moon","9/22/18"
"Once Upon a Time: Season 2: Tallahassee","9/22/18"
"Amityville: The Awakening","9/22/18"
"Once Upon a Time: Season 2: The Doctor","9/21/18"
"The Worst Witch: Season 1: New Girl","9/20/18"
"Grey's Anatomy: Season 1: A Hard Day's Night","9/20/18"
"Once Upon a Time: Season 2: The Crocodile","9/14/18"
"Once Upon a Time: Season 2: Lady of the Lake","9/10/18"
"Once Upon a Time: Season 2: We Are Both","9/10/18"
"Once Upon a Time: Season 2: Broken","9/8/18"
"Once Upon a Time: Season 1: A Land Without Magic","9/7/18"
"Once Upon a Time: Season 1: An Apple Red as Blood","9/7/18"
"Once Upon a Time: Season 1: The Stranger","8/27/18"
"Once Upon a Time: Season 1: The Return","8/27/18"
"Once Upon a Time: Season 1: The Stable Boy","8/25/18"
"Once Upon a Time: Season 1: Hat Trick","8/25/18"
"Once Upon a Time: Season 1: Heart of Darkness","8/25/18"
"Once Upon a Time: Season 1: Red-Handed","8/20/18"
"The Worst Witch: Season 1: Tabby","8/20/18"
"The Worst Witch: Season 1: Selection Day","8/20/18"
"Once Upon a Time: Season 1: Dreamy","8/18/18"
"Once Upon a Time: Season 1: What Happened to Frederick","8/18/18"
"Once Upon a Time: Season 1: Skin Deep","8/17/18"
"Once Upon a Time: Season 1: Fruit of the Poisonous Tree","8/13/18"
"Once Upon a Time: Season 1: 7:15 A.M.","8/13/18"
"Once Upon a Time: Season 1: True North","8/12/18"
"Once Upon a Time: Season 1: Desperate Souls","8/12/18"
"Once Upon a Time: Season 1: The Heart Is a Lonely Hunter","8/12/18"
"Once Upon a Time: Season 1: The Shepherd","8/11/18"
"Once Upon a Time: Season 1: That Still Small Voice","8/5/18"
"Once Upon a Time: Season 1: The Price of Gold","8/4/18"
"Samantha!: Season 1: Episode 1","7/25/18"
"Daddy's Home","7/20/18"
"Once Upon a Time: Season 1: Snow Falls","7/19/18"
"13 Reasons Why: Season 2: Two Girls Kissing","7/19/18"
"13 Reasons Why: Season 2: The First Polaroid","7/19/18"
"Once Upon a Time: Season 1: The Thing You Love Most","7/16/18"
"Once Upon a Time: Season 1: Pilot","7/16/18"
"Grimm: Season 6: The End","7/16/18"
"Grimm: Season 6: Zerstörer Shrugged","7/16/18"
"The Mist: Season 1: Pilot","7/16/18"
"Grimm: Season 6: Where the Wild Things Were","7/15/18"
"Grimm: Season 6: Blood Magic","7/15/18"
"Grimm: Season 6: Tree People","7/15/18"
"Grimm: Season 6: The Son Also Rises","7/14/18"
"Grimm: Season 6: Blind Love","7/14/18"
"Grimm: Season 6: Breakfast in Bed","7/13/18"
"Grimm: Season 6: The Seven Year Itch","7/13/18"
"Grimm: Season 6: El Cuegle","7/12/18"
"Grimm: Season 6: Oh Captain, My Captain","7/11/18"
"Grimm: Season 6: Trust Me Knot","7/11/18"
"Grimm: Season 6: Fugitive","7/10/18"
"Grimm: Season 5: Beginning of the End: Part 2","7/10/18"
"Grimm: Season 5: Beginning of the End: Part 1","7/9/18"
"Grimm: Season 5: Bad Night","7/9/18"
"Grimm: Season 5: The Taming of the Wu","7/8/18"
"Grimm: Season 5: Good to the Bone","7/8/18"
"Grimm: Season 5: Inugami","7/8/18"
"Grimm: Season 5: The Believer","7/5/18"
"Grimm: Season 5: Skin Deep","7/4/18"
"Grimm: Season 5: Lycanthropia","7/1/18"
"Grimm: Season 5: Silence of the Slams","7/1/18"
"Grimm: Season 5: Into the Schwarzwald","7/1/18"
"Grimm: Season 5: Key Move","6/30/18"
"Grimm: Season 5: Map of the Seven Knights","6/30/18"
"Grimm: Season 5: Star-Crossed","6/30/18"
"Grimm: Season 5: A Reptile Dysfunction","6/29/18"
"Grimm: Season 5: Eve of Destruction","6/29/18"
"Grimm: Season 5: Wesen Nacht","6/28/18"
"Grimm: Season 5: The Rat King","6/28/18"
"Grimm: Season 5: Maiden Quest","6/28/18"
"Minions","6/27/18"
"The Incredibles","6/27/18"
"Grimm: Season 5: Lost Boys","6/25/18"
"Grimm: Season 5: Clear and Wesen Danger","6/25/18"
"Grimm: Season 5: The Grimm Identity","6/23/18"
"Grimm: Season 4: Cry Havoc","6/23/18"
"Grimm: Season 4: Headache","6/23/18"
"Village of the Damned","6/21/18"
"The Babysitter","6/20/18"
"Grimm: Season 4: You Don't Know Jack","6/17/18"
"Grimm: Season 4: Iron Hans","6/17/18"
"Grimm: Season 4: Mishipeshu","6/16/18"
"Grimm: Season 4: Hibernaculum","6/16/18"
"The Overnight","6/11/18"
"Paul Blart: Mall Cop 2","6/7/18"
"Grimm: Season 4: Heartbreaker","6/3/18"
"Grimm: Season 4: Double Date","6/3/18"
"Grimm: Season 4: Bad Luck","6/2/18"
"Grimm: Season 4: Trial by Fire","6/2/18"
"Grimm: Season 4: Maréchaussée","6/2/18"
"Grimm: Season 4: Death Do Us","5/31/18"
"Grimm: Season 4: Tribunal","5/31/18"
"Grimm: Season 4: Wesenrein","5/19/18"
"Grimm: Season 4: Chupacabra","5/17/18"
"Grimm: Season 4: The Grimm Who Stole Christmas","5/1/18"
"Grimm: Season 4: Highway of Tears","5/1/18"
"Grimm: Season 4: Cry Luison","5/1/18"
"Grimm: Season 4: Dyin' on a Prayer","4/30/18"
"Grimm: Season 4: Last Fight","4/30/18"
"Grimm: Season 4: Octopus Head","4/30/18"
"Grimm: Season 4: Thanks for the Memories","4/29/18"
"Grimm: Season 3: Blond Ambition","4/29/18"
"Grimm: Season 3: The Inheritance","4/28/18"
"Grimm: Season 3: My Fair Wesen","4/21/18"
"Grimm: Season 3: Nobody Knows the Trubel I've Seen","4/21/18"
"Grimm: Season 3: The Law of Sacrifice","4/18/18"
"Grimm: Season 3: Synchronicity","4/18/18"
"Krampus","4/14/18"
"The Princess and the Frog","4/14/18"
"Grimm: Season 3: The Show Must Go On","4/13/18"
"Grimm: Season 3: Once We Were Gods","4/11/18"
"Grimm: Season 3: Mommy Dearest","4/11/18"
"Grimm: Season 3: Revelation","4/9/18"
"Grimm: Season 3: The Wild Hunt","3/31/18"
"Grimm: Season 3: The Good Soldier","3/31/18"
"Grimm: Season 3: Eyes of the Beholder","3/30/18"
"Grimm: Season 3: Red Menace","3/22/18"
"Grimm: Season 3: Twelve Days Of Krampus","3/17/18"
"Grimm: Season 3: Cold Blooded","3/17/18"
"Grimm: Season 3: Stories We Tell Our Young","3/16/18"
"Grimm: Season 3: El Cucuy","3/7/18"
"Grimm: Season 3: One Night Stand","3/5/18"
"Grimm: Season 3: A Dish Best Served Cold","3/5/18"
"Grimm: Season 3: PTZD","3/5/18"
"Grimm: Season 3: The Ungrateful Dead","3/1/18"
"Grimm: Season 2: Goodnight, Sweet Grimm","3/1/18"
"Grimm: Season 2: The Waking Dead","2/26/18"
"Grimm: Season 2: Kiss of the Muse","2/25/18"
"Grimm: Season 2: Endangered","2/24/18"
"Grimm: Season 2: Volcanalis","2/24/18"
"Grimm: Season 2: One Angry Fuchsbau","2/22/18"
"Grimm: Season 2: Nameless","2/22/18"
"Grimm: Season 2: Mr. Sandman","2/21/18"
"Grimm: Season 2: Natural Born Wesen","2/20/18"
"Grimm: Season 2: Face Off","2/18/18"
"Grimm: Season 2: Season of the Hexenbiest","2/18/18"
"Grimm: Season 2: To Protect and Serve Man","2/17/18"
"Grimm: Season 2: The Hour of Death","2/2/18"
"Grimm: Season 2: La Llorona","2/1/18"
"Grimm: Season 2: The Other Side","1/30/18"
"Grimm: Season 2: The Bottle Imp","1/29/18"
"Grimm: Season 2: Over My Dead Body","1/29/18"
"Grimm: Season 2: The Good Shepherd","1/25/18"
"Grimm: Season 2: Quill","1/24/18"
"Grimm: Season 2: Bad Moon Rising","1/23/18"
"Grimm: Season 2: The Kiss","1/22/18"
"Grimm: Season 2: Bad Teeth","1/22/18"
"Grimm: Season 1: Woman in Black","1/21/18"
"Grimm: Season 1: Big Feet","1/20/18"
"Grimm: Season 1: Happily Ever Aftermath","1/20/18"
"Grimm: Season 1: Leave it to Beavers","1/19/18"
"Grimm: Season 1: Cat and Mouse","1/18/18"
"Grimm: Season 1: Love Sick","1/18/18"
"Grimm: Season 1: The Thing with Feathers","1/17/18"
"Grimm: Season 1: Island of Dreams","1/15/18"
"Grimm: Season 1: Plumed Serpent","1/15/18"
"Grimm: Season 1: Three Coins in a Fuchsbau","1/14/18"
"Grimm: Season 1: Last Grimm Standing","1/14/18"
"Grimm: Season 1: Tarantella","1/13/18"
"Grimm: Season 1: Organ Grinder","1/13/18"
"Grimm: Season 1: Of Mouse and Man","1/12/18"
"Grimm: Season 1: Game Ogre","1/12/18"
"Grimm: Season 1: Let Your Hair Down","1/12/18"
"Grimm: Season 1: The Three Bad Wolves","1/11/18"
"Grimm: Season 1: Danse Macabre","1/11/18"
"Grimm: Season 1: Lonely Hearts","1/10/18"
"Grimm: Season 1: Beeware","1/10/18"
"Trainwreck","1/5/18"
"Orange Is the New Black: Season 5: Storm-y Weather","1/2/18"
"Orange Is the New Black: Season 5: Tattoo You","1/2/18"
"Orange Is the New Black: Season 5: Breaking the Fiberboard Ceiling","1/1/18"
"Orange Is the New Black: Season 5: The Reverse Midas Touch","1/1/18"
"Bright","12/31/17"
"Orange Is the New Black: Season 5: The Tightening","12/29/17"
"Orange Is the New Black: Season 5: Tied to the Tracks","12/29/17"
"Orange Is the New Black: Season 5: Full Bush, Half Snickers","12/27/17"
"Orange Is the New Black: Season 5: Flaming Hot Cheetos, Literally","12/26/17"
"Orange Is the New Black: Season 5: Sing It, White Effie","12/21/17"
"Orange Is the New Black: Season 5: Litchfield's Got Talent","12/21/17"
"Orange Is the New Black: Season 5: Pissters!","12/18/17"
"Orange Is the New Black: Season 5: F*ck, Marry, Frieda","12/16/17"
"Orange Is the New Black: Season 5: Riot FOMO","12/9/17"
"Pet Sematary","12/9/17"
"The Mist: Season 1: The Tenth Meal","12/4/17"
"The Mist: Season 1: The Waking Dream","12/2/17"
"The Mist: Season 1: The Law of Nature","11/27/17"
"The Mist: Season 1: Over the River and Through the Woods","11/27/17"
"The Mist: Season 1: The Devil You Know","11/26/17"
"The Mist: Season 1: The Waiting Room","11/26/17"
"How to Plan an Orgy in a Small Town","11/25/17"
"The Mist: Season 1: Pequod","11/16/17"
"1922","11/15/17"
"The Mist: Season 1: Show and Tell","11/13/17"
"The Mist: Season 1: Withdrawal","11/13/17"
"Stranger Things: Stranger Things 2: Chapter Nine: The Gate","11/9/17"
"Stranger Things: Stranger Things 2: Chapter Eight: The Mind Flayer","11/8/17"
"Stranger Things: Stranger Things 2: Chapter Seven: The Lost Sister","11/6/17"
"He Even Has Your Eyes","11/5/17"
"Stranger Things: Stranger Things 2: Chapter Six: The Spy","11/4/17"
"Stranger Things: Stranger Things 2: Chapter Five: Dig Dug","11/4/17"
"Stranger Things: Stranger Things 2: Chapter Four: Will the Wise","11/2/17"
"Stranger Things: Stranger Things 2: Chapter Three: The Pollywog","11/1/17"
"Stranger Things: Stranger Things 2: Chapter Two: Trick or Treat, Freak","11/1/17"
"Stranger Things: Stranger Things 2: Chapter One: MADMAX","10/31/17"
"Cat People","10/28/17"
"The African Doctor","10/17/17"
"The Saint","9/10/17"
"The Apparition","9/9/17"
"Lucifer: Season 1: Take Me Back to Hell","8/17/17"
"Lucifer: Season 1: #TeamLucifer","8/13/17"
"Lucifer: Season 1: St. Lucifer","8/13/17"
"Lucifer: Season 1: Pops","8/13/17"
"Lucifer: Season 1: A Priest Walks into a Bar","8/11/17"
"Lucifer: Season 1: Et Tu, Doctor?","8/11/17"
"Lucifer: Season 1: Wingman","8/10/17"
"Lucifer: Season 1: Favorite Son","8/9/17"
"I Give It a Year","8/3/17"
"Lucifer: Season 1: Sweet Kicks","7/31/17"
"Lucifer: Season 1: Manly Whatnots","7/30/17"
"Lucifer: Season 1: The Would-Be Prince of Darkness","7/30/17"
"Lucifer: Season 1: Lucifer, Stay. Good Devil.","7/29/17"
"Lucifer: Season 1: Pilot","7/29/17"
"True Memoirs of an International Assassin","7/8/17"
"Monster-in-Law","7/7/17"
"Erkekler","6/24/17"
"Scary Movie 2","6/24/17"
"Fifty Shades of Black","6/24/17"
"Satanic","6/24/17"
"Prisoners","6/24/17"
"Killers","6/18/17"
"13 Assassins","6/18/17"
"War Machine","6/17/17"
"Think Like a Man","6/12/17"
"Marseille: Season 1: Crocodile","6/7/17"
"Peppa Pig: Season 2: Mysteries / George’s Friend / Mr. Scarecrow / Windy Autumn Day","6/4/17"
"Piglet's Big Movie","6/4/17"
"The Secrets of Emily Blair","5/26/17"
"Marseille: Season 1: Straw Man","5/13/17"
"Blair Witch","5/12/17"
"13 Reasons Why: Season 1: Tape 7, Side A","5/10/17"
"13 Reasons Why: Season 1: Tape 6, Side B","5/10/17"
"13 Reasons Why: Season 1: Tape 6, Side A","5/7/17"
"13 Reasons Why: Season 1: Tape 5, Side B","5/6/17"
"13 Reasons Why: Season 1: Tape 5, Side A","5/5/17"
"13 Reasons Why: Season 1: Tape 4, Side B","5/5/17"
"13 Reasons Why: Season 1: Tape 4, Side A","5/5/17"
"13 Reasons Why: Season 1: Tape 3, Side B","5/4/17"
"13 Reasons Why: Season 1: Tape 3, Side A","5/3/17"
"13 Reasons Why: Season 1: Tape 2, Side B","4/30/17"
"13 Reasons Why: Season 1: Tape 2, Side A","4/29/17"
"13 Reasons Why: Season 1: Tape 1, Side B","4/29/17"
"13 Reasons Why: Season 1: Tape 1, Side A","4/28/17"
"The 9th Life of Louis Drax","4/21/17"
"Marseille: Season 1: 20 Years","3/26/17"
"The Crown: Season 1: Wolferton Splash","3/26/17"
"Peppa Pig: Season 1: Hide and Seek / The Playgroup / Mummy Pig at Work / Piggy in the Middle","3/13/17"
"Peppa Pig: Season 1: Muddy Puddles / Mr. Dinosaur Is Lost / Best Friend / Polly Parrot","3/13/17"
"Indiana Jones and the Last Crusade","3/12/17"
"Galinha Pintadinha: 1ª temporada: Volume 1","3/12/17"
"Popples: Season 1: Win a Free Tree House / Bubbles Double's","3/11/17"
"Bridesmaids","3/5/17"
"The Hateful Eight","3/5/17"
"Stephen King's Thinner","3/5/17"
"With This Ring","2/11/17"
"Bates Motel: Season 3: Unconscious","2/4/17"
"Orphan Black: Season 4: From Dancing Mice to Psychopaths","2/2/17"
"Orphan Black: Season 4: The Mitigation of Competition","2/2/17"
"Big Trouble in Little China","1/29/17"
"Orange Is the New Black: Season 4: Toast Can’t Never Be Bread Again","1/27/17"
"Orange Is the New Black: Season 4: The Animals","1/25/17"
"Orange Is the New Black: Season 4: People Persons","1/25/17"
"Orange Is the New Black: Season 4: Bunny, Skull, Bunny, Skull","1/23/17"
"Orange Is the New Black: Season 4: Turn Table Turn","1/23/17"
"Orange Is the New Black: Season 4: Friends in Low Places","1/20/17"
"Orange Is the New Black: Season 4: It Sounded Nicer in My Head","1/20/17"
"Narcos: Season 2: Al Fin Cayó!","1/8/17"
"Narcos: Season 2: Nuestra Finca","1/8/17"
"Narcos: Season 2: Exit El Patrón","1/7/17"
"Narcos: Season 2: Deutschland 93","1/6/17"
"Narcos: Season 2: Los Pepes","1/6/17"
"Narcos: Season 2: The Enemies of My Enemy","1/5/17"
"Narcos: Season 2: The Good, The Bad, and The Dead","1/4/17"
"Narcos: Season 2: Our Man in Madrid","1/4/17"
"Narcos: Season 2: Cambalache","1/2/17"
"Bad Moms","12/29/16"
"Narcos: Season 2: Free at Last","12/29/16"
"Stranger Things: Chapter Eight: The Upside Down","12/27/16"
"Stranger Things: Chapter Seven: The Bathtub","12/27/16"
"Stranger Things: Chapter Six: The Monster","12/26/16"
"Stranger Things: Chapter Five: The Flea and the Acrobat","12/26/16"
"Stranger Things: Chapter Four: The Body","12/25/16"
"Stranger Things: Chapter Three: Holly, Jolly","12/23/16"
"Stranger Things: Chapter Two: The Weirdo on Maple Street","12/23/16"
"Stranger Things: Chapter One: The Vanishing of Will Byers","12/22/16"
"How to Get Away With Murder: Season 2: Anna Mae","11/23/16"
"How to Get Away With Murder: Season 2: There's My Baby","11/23/16"
"How to Get Away With Murder: Season 2: Something Bad Happened","11/16/16"
"How to Get Away With Murder: Season 2: It's a Trap","11/16/16"
"How to Get Away With Murder: Season 2: She Hates Us","11/15/16"
"How to Get Away With Murder: Season 2: What Happened to You, Annalise?","11/15/16"
"How to Get Away With Murder: Season 2: What Did We Do?","10/24/16"
"How to Get Away With Murder: Season 2: Hi, I'm Philip","10/17/16"
"How to Get Away With Murder: Season 2: I Want You to Die","10/16/16"
"How to Get Away With Murder: Season 2: Two Birds, One Millstone","10/13/16"
"How to Get Away With Murder: Season 2: Meet Bonnie","10/13/16"
"How to Get Away With Murder: Season 2: Skanks Get Shanked","10/10/16"
"How to Get Away With Murder: Season 2: It's Called the Octopus","10/10/16"
"How to Get Away With Murder: Season 2: She's Dying","10/5/16"
"How to Get Away With Murder: Season 2: It's Time to Move On","10/5/16"
"How to Get Away With Murder: Season 1: It's All My Fault","9/30/16"
"How to Get Away With Murder: Season 1: The Night Lila Died","9/27/16"
"How to Get Away With Murder: Season 1: Mama's Here Now","9/27/16"
"How to Get Away With Murder: Season 1: She's a Murderer","9/26/16"
"How to Get Away With Murder: Season 1: Best Christmas Ever","9/26/16"
"How to Get Away With Murder: Season 1: Hello Raskolnikov","9/25/16"
"How to Get Away With Murder: Season 1: Kill Me, Kill Me, Kill Me","9/25/16"
"How to Get Away With Murder: Season 1: He Has a Wife","9/24/16"
"How to Get Away With Murder: Season 1: He Deserved to Die","9/24/16"
"How to Get Away With Murder: Season 1: Freakin' Whack-a-Mole","9/23/16"
"How to Get Away With Murder: Season 1: We're Not Friends","9/22/16"
"How to Get Away With Murder: Season 1: Let's Get to Scooping","9/22/16"
"How to Get Away With Murder: Season 1: Smile, or Go to Jail","9/20/16"
"How to Get Away With Murder: Season 1: It's All Her Fault","9/19/16"
"How to Get Away With Murder: Season 1: Pilot","9/19/16"
"Orange Is the New Black: Season 4: Piece of Sh*t","9/13/16"
"Orange Is the New Black: Season 4: We’ll Always Have Baltimore","9/12/16"
"Orange Is the New Black: Season 4: Doctor Psycho","8/24/16"
"Orange Is the New Black: Season 4: (Don’t) Say Anything","8/13/16"
"Orange Is the New Black: Season 4: Power Suit","8/8/16"
"Orange Is the New Black: Season 4: Work That Body for Me","7/25/16"
"The Walking Dead: Season 5: Conquer","7/24/16"
"The Walking Dead: Season 5: Try","7/24/16"
"The Walking Dead: Season 5: Spend","7/22/16"
"The Walking Dead: Season 5: Forget","7/20/16"
"The Walking Dead: Season 5: Remember","7/20/16"
"The Walking Dead: Season 5: The Distance","7/15/16"
"The Walking Dead: Season 5: Them","7/15/16"
"The Walking Dead: Season 5: What Happened and What's Going On","7/14/16"
"The Walking Dead: Season 5: Coda","7/14/16"
"The Walking Dead: Season 5: Crossed","7/13/16"
"The Walking Dead: Season 5: Consumed","7/13/16"
"The Walking Dead: Season 5: Self Help","7/12/16"
"The Walking Dead: Season 5: Slabtown","7/9/16"
"The Walking Dead: Season 5: Four Walls and a Roof","7/8/16"
"The Walking Dead: Season 5: Strangers","7/6/16"
"The Walking Dead: Season 5: No Sanctuary","7/5/16"
"The Walking Dead: Season 4: A","7/5/16"
"The Walking Dead: Season 4: Us","7/4/16"
"The Walking Dead: Season 4: The Grove","7/3/16"
"The Walking Dead: Season 4: Alone","7/3/16"
"The Walking Dead: Season 4: Still","7/2/16"
"The Walking Dead: Season 4: Claimed","6/30/16"
"The Walking Dead: Season 4: Inmates","6/30/16"
"The Walking Dead: Season 4: After","6/27/16"
"The Walking Dead: Season 4: Too Far Gone","6/24/16"
"The Walking Dead: Season 4: Dead Weight","6/24/16"
"The Walking Dead: Season 4: Live Bait","6/23/16"
"The Walking Dead: Season 4: Internment","6/23/16"
"The Walking Dead: Season 4: Indifference","6/21/16"
"The Walking Dead: Season 4: Isolation","6/21/16"
"The Walking Dead: Season 4: Infected","6/17/16"
"The Walking Dead: Season 4: 30 Days Without an Accident","6/16/16"
"The Walking Dead: Season 3: Welcome to the Tombs","6/15/16"
"The Walking Dead: Season 3: This Sorrowful Life","6/15/16"
"The Walking Dead: Season 3: Prey","6/15/16"
"The Walking Dead: Season 3: Arrow on the Doorpost","6/14/16"
"The Walking Dead: Season 3: Clear","6/14/16"
"The Walking Dead: Season 3: I Ain't a Judas","6/14/16"
"The Walking Dead: Season 3: Home","6/12/16"
"The Walking Dead: Season 3: The Suicide King","6/11/16"
"The Walking Dead: Season 3: Made to Suffer","6/11/16"
"The Walking Dead: Season 3: When the Dead Come Knocking","6/4/16"
"The Walking Dead: Season 3: Hounded","6/4/16"
"The Walking Dead: Season 3: Say the Word","6/3/16"
"The Walking Dead: Season 3: Killer Within","6/2/16"
"The Walking Dead: Season 3: Walk with Me","6/2/16"
"The Walking Dead: Season 3: Sick","5/29/16"
"The Walking Dead: Season 3: Seed","5/29/16"
"The Walking Dead: Season 2: Beside the Dying Fire","5/29/16"
"The Walking Dead: Season 2: Better Angels","5/28/16"
"The Walking Dead: Season 2: Judge, Jury, Executioner","5/28/16"
"The Walking Dead: Season 2: 18 Miles Out","5/27/16"
"The Walking Dead: Season 2: Triggerfinger","5/27/16"
"The Walking Dead: Season 2: Nebraska","5/26/16"
"The Walking Dead: Season 2: Pretty Much Dead Already","5/25/16"
"The Walking Dead: Season 2: Secrets","5/23/16"
"The Walking Dead: Season 2: Chupacabra","5/23/16"
"The Walking Dead: Season 2: Cherokee Rose","5/20/16"
"The Walking Dead: Season 2: Save the Last One","5/19/16"
"The Walking Dead: Season 2: Bloodletting","5/19/16"
"The Walking Dead: Season 2: What Lies Ahead","5/19/16"
"The Walking Dead: Season 1: TS-19","5/18/16"
"The Walking Dead: Season 1: Wildfire","5/18/16"
"The Walking Dead: Season 1: Vatos","5/17/16"
"The Walking Dead: Season 1: Tell It to the Frogs","5/16/16"
"The Walking Dead: Season 1: Guts","5/16/16"
"The Walking Dead: Season 1: Days Gone Bye","5/15/16"
"Hemlock Grove: Season 3: Brian's Song","4/22/16"
"Hemlock Grove: Season 3: Damascus","4/22/16"
"Hemlock Grove: Season 3: Dire Night on the Worm Moon","4/19/16"
"Hemlock Grove: Season 3: Todos Santos","4/18/16"
"Hemlock Grove: Season 3: Pendant","4/17/16"
"Hemlock Grove: Season 3: Boy in the Box","3/19/16"
"Love: Season 1: It Begins","2/21/16"
"The Ridiculous 6","1/31/16"
"Urban Legends: Bloody Mary","1/31/16"
"Clown","1/31/16"
"Hemlock Grove: Season 3: Every Beast","1/29/16"
"Hemlock Grove: Season 3: The House in the Woods","1/24/16"
"Orange Is the New Black: Season 3: Trust No Bitch","1/23/16"
"Orange Is the New Black: Season 3: Don’t Make Me Come Back There","1/22/16"
"Orange Is the New Black: Season 3: We Can Be Heroes","1/21/16"
"Hemlock Grove: Season 3: Souls on Ice","1/20/16"
"Orange Is the New Black: Season 3: A Tittin' and a Hairin'","1/20/16"
"Hemlock Grove: Season 3: A Place to Fall","1/19/16"
"Hemlock Grove: Season 2: Demons and the Dogstar","1/19/16"
"Orange Is the New Black: Season 3: Where My Dreidel At","1/18/16"
"Orange Is the New Black: Season 3: Fear, and Other Smells","1/17/16"
"The Amityville Horror","1/17/16"
"The Babadook","1/16/16"
"Orange Is the New Black: Season 3: Tongue-Tied","1/16/16"
"The X-Files: Season 1: Deep Throat","1/16/16"
"Orange Is the New Black: Season 3: Ching Chong Chang","1/15/16"
"Orange Is the New Black: Season 3: Fake It Till You Fake It Some More","1/15/16"
"The X-Files: Season 1: Pilot","1/14/16"
"Orange Is the New Black: Season 3: Finger in the Dyke","1/14/16"
"Orange Is the New Black: Season 3: Empathy Is a Boner Killer","1/12/16"
"Orange Is the New Black: Season 3: Bed Bugs and Beyond","1/11/16"
"Orange Is the New Black: Season 3: Mother's Day","1/10/16"
"The X-Files: Season 2: The Host","1/10/16"
"The X-Files: Season 1: The Erlenmeyer Flask","1/10/16"
"Orange Is the New Black: Season 2: We Have Manners. We're Polite.","1/7/16"
"Orange Is the New Black: Season 2: It Was the Change","1/7/16"
"Orange Is the New Black: Season 2: Take a Break From Your Values","1/5/16"
"Orange Is the New Black: Season 2: Little Mustachioed Sh*t","1/5/16"
"Orange Is the New Black: Season 2: 40 Oz. of Furlough","1/4/16"
"Orange Is the New Black: Season 2: Appropriately Sized Pots","1/2/16"
"Orange Is the New Black: Season 2: Comic Sans","1/1/16"
"Orange Is the New Black: Season 2: You Also Have a Pizza","12/31/15"
"Orange Is the New Black: Season 2: Low Self Esteem City","12/30/15"
"Orange Is the New Black: Season 2: A Whole Other Hole","12/29/15"
"Orange Is the New Black: Season 2: Hugs Can Be Deceiving","12/26/15"
"Orange Is the New Black: Season 2: Looks Blue, Tastes Red","12/26/15"
"3 Day Christmas","12/25/15"
"Orange Is the New Black: Season 2: Thirsty Bird","12/23/15"
"The Cobbler","12/23/15"
"Marvel's Jessica Jones: Season 1: AKA Ladies Night","12/21/15"
"Orange Is the New Black: Season 1: Can't Fix Crazy","12/21/15"
"Orange Is the New Black: Season 1: Fool Me Once","12/20/15"
"Orange Is the New Black: Season 1: Tall Men with Feelings","12/19/15"
"Orange Is the New Black: Season 1: Bora Bora Bora","12/19/15"
"Orange Is the New Black: Season 1: F*cksgiving","12/18/15"
"Orange Is the New Black: Season 1: Moscow Mule","12/15/15"
"Orange Is the New Black: Season 1: Blood Donut","12/10/15"
"Orange Is the New Black: Season 1: WAC Pack","12/6/15"
"Winter on Fire: Ukraine's Fight for Freedom","12/6/15"
"Orange Is the New Black: Season 1: The Chickening","12/5/15"
"Orange Is the New Black: Season 1: Imaginary Enemies","12/2/15"
"Orange Is the New Black: Season 1: Lesbian Request Denied","12/1/15"
"Orange Is the New Black: Season 1: Tit Punch","11/30/15"
"DreamWorks Spooky Stories: Volume 1: Play All Three: DreamWorks Spooky Stories","11/25/15"
"Orange Is the New Black: Season 1: I Wasn't Ready","11/20/15"
"Life as We Know It","11/16/15"
"Sleepy Hollow: Season 1: Bad Blood","10/27/15"
"Sleepy Hollow: Season 1: The Indispensable Man","10/27/15"
"Sleepy Hollow: Season 1: Vessel","10/27/15"
"Sleepy Hollow: Season 1: The Golem","10/26/15"
"Sleepy Hollow: Season 1: Sanctuary","10/25/15"
"Sleepy Hollow: Season 1: Necromancer","10/24/15"
"Sleepy Hollow: Season 1: Midnight Ride","10/24/15"
"Sleepy Hollow: Season 1: The Sin Eater","10/23/15"
"Sleepy Hollow: Season 1: John Doe","10/22/15"
"Sleepy Hollow: Season 1: The Lesser Key of Solomon","10/22/15"
"Sleepy Hollow: Season 1: For the Triumph of Evil...","10/21/15"
"Sleepy Hollow: Season 1: Blood Moon","10/20/15"
"Sleepy Hollow: Season 1: Pilot","10/19/15"
"Narcos: Season 1: Despegue","10/14/15"
"Narcos: Season 1: La Catedral","10/14/15"
"Narcos: Season 1: La Gran Mentira","10/13/15"
"Narcos: Season 1: You Will Cry Tears of Blood","10/12/15"
"Narcos: Season 1: Explosivos","10/12/15"
"Hang 'Em High","10/12/15"
"Narcos: Season 1: There Will Be a Future","10/11/15"
"Narcos: Season 1: The Palace in Flames","10/11/15"
"Scream: Season 1: Revelations","10/4/15"
"Scream: Season 1: The Dance","10/4/15"
"Scream: Season 1: Ghosts","10/4/15"
"Scream: Season 1: In the Trenches","10/3/15"
"Scream: Season 1: Betrayed","10/3/15"
"Scream: Season 1: Exposed","10/3/15"
"Scream: Season 1: Aftermath","10/2/15"
"Scream: Season 1: Wanna Play a Game?","10/2/15"
"Scream: Season 1: Hello, Emma","10/1/15"
"Scream: Season 1: Pilot","10/1/15"
"Narcos: Season 1: The Men of Always","9/15/15"
"Narcos: Season 1: The Sword of Simón Bolívar","9/14/15"
"Orphan Black: Season 2: By Means Which Have Never Yet Been Tried","9/9/15"
"Orphan Black: Season 2: Things Which Have Never Yet Been Done","9/8/15"
"Orphan Black: Season 2: Variable and Full of Perturbation","9/6/15"
"Orphan Black: Season 2: Knowledge of Causes, and Secret Motion of Things","9/5/15"
"Orphan Black: Season 2: To Hound Nature in Her Wanderings","9/4/15"
"Orphan Black: Season 2: Ipsa Scientia Potestas Est","9/4/15"
"Orphan Black: Season 2: Governed as It Were by Chance","9/2/15"
"Orphan Black: Season 2: Mingling Its Own Nature With It","9/2/15"
"Orphan Black: Season 2: Governed by Sound Reason and True Religion","8/30/15"
"Orphan Black: Season 2: Nature Under Constraint and Vexed","8/30/15"
"Orphan Black: Season 1: Endless Forms Most Beautiful","8/28/15"
"Orphan Black: Season 1: Unconscious Selection","8/27/15"
"Orphan Black: Season 1: Entangled Bank","8/27/15"
"Orphan Black: Season 1: Parts Developed in an Unusual Manner","8/26/15"
"Orphan Black: Season 1: Variations Under Domestication","8/26/15"
"Orphan Black: Season 1: Conditions of Existence","8/24/15"
"Orphan Black: Season 1: Effects of External Conditions","8/24/15"
"The Fall: Season 1: Dark Descent","8/24/15"
"Psycho","8/24/15"
"Orphan Black: Season 1: Variation Under Nature","8/23/15"
"Orphan Black: Season 1: Instinct","8/23/15"
"Orphan Black: Season 1: Natural Selection","8/21/15"
"Bates Motel: Season 2: The Immutable Truth","8/15/15"
"Bates Motel: Season 2: The Box","8/15/15"
"Bates Motel: Season 2: Meltdown","8/14/15"
"Bates Motel: Season 2: Presumed Innocent","8/13/15"
